{"cameraMode":{"drawMode":0,"name":"Shaded","section":"Shading Mode"},"sceneLighting":true,"audioPlay":false,"sceneViewState":{"m_AlwaysRefresh":false,"showFog":true,"showSkybox":true,"showFlares":true,"showImageEffects":true,"showParticleSystems":true,"showVisualEffectGraphs":true,"m_FxEnabled":true},"in2DMode":false,"pivot":{"x":769.6366577148438,"y":330.17791748046877,"z":-8.449615478515625},"rotation":{"x":-0.022496739402413369,"y":-0.011090897023677826,"z":0.00018337946676183492,"w":-0.9997071623802185},"size":443.5922546386719,"orthographic":true}